disease,male_std,female_std,variability_ratio,status
cancer,22.168446673402414,23.136939568337294,1.0436879006095123,Fair
diabetes,27.230301350220316,26.56956692138771,1.024868091782886,Fair
heart,21.93975415502211,19.617949057709048,1.1183510615958445,Fair
